"Device Name","D2 - 2605740"
"Device Model","Kestrel DROP 2"
"Serial Number","2605740"
"FORMATTED DATE_TIME","Temperature","Relative Humidity","Heat Index","Dew Point","Data Type","Record name","Start time","Duration (H:M:S)","Location description","Location address","Location coordinates","Notes"
"YYYY-MM-DD HH:MM:SS","°C","%","°C","°C"
"2024-12-10 09:00:00 am","30.0","33.9","29.2","12.4","point"
"2024-12-10 10:00:00 am","32.1","35.7","32.4","15.0","point"
"2024-12-10 11:00:00 am","33.2","32.0","33.5","14.3","point"
"2024-12-10 12:00:00 pm","35.6","30.0","36.8","15.4","point"
"2024-12-10 01:00:00 pm","36.9","26.8","37.9","14.7","point"
"2024-12-10 02:00:00 pm","37.4","25.4","38.1","14.3","point"
"2024-12-10 03:00:00 pm","38.7","22.7","39.3","13.7","point"
"2024-12-10 04:00:00 pm","38.8","21.0","39.0","12.6","point"
"2024-12-10 05:00:00 pm","38.2","19.7","37.5","11.0","point"
"2024-12-10 06:00:00 pm","37.8","19.2","37.0","10.4","point"
"2024-12-10 07:00:00 pm","36.5","18.9","35.2","9.1","point"
"2024-12-10 08:00:00 pm","34.8","19.1","33.0","7.9","point"
"2024-12-10 09:00:00 pm","32.6","21.0","30.8","7.5","point"
"2024-12-10 10:00:00 pm","31.1","23.5","29.1","7.8","point"
"2024-12-10 11:00:00 pm","30.3","26.3","28.6","8.9","point"
"2024-12-11 12:00:00 am","29.0","29.1","27.4","9.2","point"
"2024-12-11 01:00:00 am","28.2","31.6","26.5","9.8","point"
"2024-12-11 02:00:00 am","27.4","32.6","25.7","9.5","point"
"2024-12-11 03:00:00 am","26.5","33.4","24.9","9.1","point"
"2024-12-11 04:00:00 am","26.1","35.1","24.7","9.5","point"
"2024-12-11 05:00:00 am","26.6","37.4","25.3","10.9","point"
"2024-12-11 06:00:00 am","26.0","38.0","24.8","10.6","point"
"2024-12-11 07:00:00 am","25.9","39.2","24.7","11.0","point"
"2024-12-11 08:00:00 am","26.8","40.3","25.9","12.2","point"
"2024-12-11 09:00:00 am","29.3","40.1","29.0","14.3","point"
"2024-12-11 10:00:00 am","32.0","37.7","32.9","15.8","point"
"2024-12-11 11:00:00 am","35.5","33.3","37.5","16.9","point"
"2024-12-11 12:00:00 pm","37.2","29.5","39.2","16.5","point"
"2024-12-11 01:00:00 pm","38.0","25.8","39.2","15.0","point"
"2024-12-11 02:00:00 pm","38.0","25.2","39.0","14.6","point"
"2024-12-11 03:00:00 pm","35.2","28.1","35.7","14.0","point"
"2024-12-11 04:00:00 pm","36.2","27.1","37.0","14.3","point"
"2024-12-11 05:00:00 pm","36.5","25.3","36.7","13.4","point"
"2024-12-11 06:00:00 pm","35.2","26.1","35.1","12.9","point"
"2024-12-11 07:00:00 pm","32.3","28.4","31.4","11.7","point"
"2024-12-11 08:00:00 pm","30.9","31.1","29.9","11.9","point"
"2024-12-11 09:00:00 pm","28.7","35.6","27.6","12.0","point"
"2024-12-11 10:00:00 pm","24.7","44.8","23.7","12.0","point"
"2024-12-11 11:00:00 pm","23.8","50.8","23.2","13.0","point"
"2024-12-12 12:00:00 am","22.7","55.9","22.4","13.4","point"
"2024-12-12 01:00:00 am","22.7","57.3","22.5","13.8","point"
"2024-12-12 02:00:00 am","22.0","59.2","21.9","13.7","point"
"2024-12-12 03:00:00 am","20.8","63.8","20.5","13.7","point"
"2024-12-12 04:00:00 am","20.7","67.1","20.5","14.3","point"
"2024-12-12 05:00:00 am","20.7","68.8","20.5","14.7","point"
"2024-12-12 06:00:00 am","20.7","71.1","20.8","15.3","point"
"2024-12-12 07:00:00 am","20.8","72.9","20.9","15.8","point"
"2024-12-12 08:00:00 am","21.2","75.1","21.7","16.6","point"
"2024-12-12 09:00:00 am","22.4","77.9","23.0","18.3","point"
"2024-12-12 10:00:00 am","24.3","75.8","25.1","19.7","point"
"2024-12-12 11:00:00 am","27.2","70.6","29.6","21.4","point"
"2024-12-12 12:00:00 pm","29.6","64.0","33.7","22.1","point"
"2024-12-12 01:00:00 pm","31.7","59.8","37.1","22.9","point"
"2024-12-12 02:00:00 pm","32.9","54.0","38.5","22.3","point"
"2024-12-12 03:00:00 pm","33.7","49.9","39.0","21.8","point"
"2024-12-12 04:00:00 pm","34.6","45.8","39.7","21.3","point"
"2024-12-12 05:00:00 pm","35.0","43.0","39.5","20.5","point"
"2024-12-12 06:00:00 pm","34.3","38.8","37.1","18.3","point"
"2024-12-12 07:00:00 pm","33.3","37.8","34.9","16.9","point"
"2024-12-12 08:00:00 pm","31.5","39.7","32.2","16.1","point"
"2024-12-12 09:00:00 pm","27.7","44.0","27.2","14.4","point"
"2024-12-12 10:00:00 pm","26.0","48.1","25.4","14.1","point"
"2024-12-12 11:00:00 pm","25.6","49.5","25.1","14.3","point"
"2024-12-13 12:00:00 am","25.5","50.7","25.1","14.6","point"
"2024-12-13 01:00:00 am","25.4","51.7","25.0","14.7","point"
"2024-12-13 02:00:00 am","25.3","51.7","25.0","14.7","point"
"2024-12-13 03:00:00 am","25.2","52.1","24.8","14.7","point"
"2024-12-13 04:00:00 am","24.7","53.2","24.2","14.6","point"
"2024-12-13 05:00:00 am","24.0","54.4","23.5","14.2","point"
"2024-12-13 06:00:00 am","23.5","56.1","23.1","14.2","point"
"2024-12-13 07:00:00 am","23.5","57.6","23.2","14.6","point"
"2024-12-13 08:00:00 am","24.2","58.5","24.1","15.6","point"
"2024-12-13 09:00:00 am","25.3","58.6","25.3","16.6","point"
"2024-12-13 10:00:00 am","26.9","57.0","27.5","17.7","point"
"2024-12-13 11:00:00 am","29.4","52.2","30.9","18.6","point"
"2024-12-13 12:00:00 pm","30.5","47.3","31.9","18.0","point"
"2024-12-13 01:00:00 pm","31.7","44.3","33.6","18.1","point"
"2024-12-13 02:00:00 pm","32.2","42.1","34.1","17.7","point"
"2024-12-13 03:00:00 pm","32.6","40.9","34.6","17.6","point"
"2024-12-13 04:00:00 pm","33.8","38.9","36.2","17.9","point"
"2024-12-13 05:00:00 pm","34.4","36.4","36.4","17.3","point"
"2024-12-13 06:00:00 pm","34.2","34.5","35.7","16.4","point"
"2024-12-13 07:00:00 pm","33.5","33.8","34.2","15.4","point"
"2024-12-13 08:00:00 pm","32.3","33.6","32.5","14.2","point"
"2024-12-13 09:00:00 pm","30.5","35.1","30.1","13.4","point"
"2024-12-13 10:00:00 pm","26.1","45.4","25.3","13.4","point"
"2024-12-13 11:00:00 pm","23.8","52.5","23.3","13.5","point"
"2024-12-14 12:00:00 am","22.6","58.3","22.4","14.0","point"
"2024-12-14 01:00:00 am","22.3","61.5","22.2","14.5","point"
"2024-12-14 02:00:00 am","22.6","63.8","22.7","15.4","point"
"2024-12-14 03:00:00 am","22.7","65.1","22.9","15.8","point"
"2024-12-14 04:00:00 am","22.5","66.0","22.8","15.9","point"
"2024-12-14 05:00:00 am","22.1","66.0","22.3","15.4","point"
"2024-12-14 06:00:00 am","21.8","66.8","22.0","15.3","point"
"2024-12-14 07:00:00 am","21.8","68.0","22.0","15.6","point"
"2024-12-14 08:00:00 am","22.7","69.3","23.1","16.8","point"
"2024-12-14 09:00:00 am","24.8","68.0","25.2","18.5","point"
"2024-12-14 10:00:00 am","27.8","62.2","29.6","19.9","point"
"2024-12-14 11:00:00 am","30.3","54.3","33.0","20.0","point"
"2024-12-14 12:00:00 pm","32.1","47.9","35.1","19.7","point"
"2024-12-14 01:00:00 pm","33.0","43.7","35.8","19.0","point"
"2024-12-14 02:00:00 pm","32.7","39.6","34.3","17.2","point"
"2024-12-14 03:00:00 pm","32.7","37.6","34.1","16.4","point"
"2024-12-14 04:00:00 pm","32.9","37.1","34.1","16.3","point"
"2024-12-14 05:00:00 pm","33.0","35.2","33.9","15.6","point"
"2024-12-14 06:00:00 pm","32.3","35.6","32.9","15.2","point"
"2024-12-14 07:00:00 pm","31.3","36.6","31.5","14.7","point"
"2024-12-14 08:00:00 pm","30.0","37.8","29.8","14.1","point"
"2024-12-14 09:00:00 pm","28.8","39.4","28.2","13.6","point"
"2024-12-14 10:00:00 pm","27.9","41.3","27.1","13.5","point"
"2024-12-14 11:00:00 pm","27.4","42.9","26.6","13.6","point"
"2024-12-15 12:00:00 am","26.0","45.4","25.3","13.3","point"
"2024-12-15 01:00:00 am","25.1","47.2","24.4","13.1","point"
"2024-12-15 02:00:00 am","24.9","44.4","23.8","11.9","point"
"2024-12-15 03:00:00 am","24.5","41.5","23.2","10.6","point"
"2024-12-15 04:00:00 am","24.0","40.7","22.8","9.8","point"
"2024-12-15 05:00:00 am","22.9","40.9","21.9","9.0","point"
"2024-12-15 06:00:00 am","22.5","41.8","21.6","8.9","point"
"2024-12-15 07:00:00 am","22.9","42.2","21.9","9.4","point"
"2024-12-15 08:00:00 am","25.2","42.1","24.0","11.4","point"
"2024-12-15 09:00:00 am","28.1","40.9","27.4","13.6","point"
"2024-12-15 10:00:00 am","30.8","39.0","31.0","15.2","point"
"2024-12-15 11:00:00 am","33.6","36.2","35.0","16.5","point"
"2024-12-15 12:00:00 pm","35.6","32.6","37.6","16.6","point"
"2024-12-15 01:00:00 pm","36.4","30.5","38.2","16.3","point"
"2024-12-15 02:00:00 pm","36.6","28.7","37.9","15.5","point"
"2024-12-15 03:00:00 pm","37.0","27.8","38.4","15.4","point"
"2024-12-15 04:00:00 pm","37.1","26.8","38.2","14.9","point"
"2024-12-15 05:00:00 pm","36.7","26.0","37.2","14.1","point"
"2024-12-15 06:00:00 pm","35.2","26.2","35.1","12.9","point"
"2024-12-15 07:00:00 pm","32.4","36.2","33.2","15.5","point"
"2024-12-15 08:00:00 pm","24.1","72.1","24.8","18.8","point"
"2024-12-15 09:00:00 pm","21.7","87.0","22.5","19.4","point"
"2024-12-15 10:00:00 pm","22.0","92.2","23.0","20.7","point"
"2024-12-15 11:00:00 pm","22.6","93.8","24.1","21.6","point"
"2024-12-16 12:00:00 am","23.1","94.3","24.8","22.1","point"
"2024-12-16 01:00:00 am","23.3","94.3","25.1","22.4","point"
"2024-12-16 02:00:00 am","23.4","94.4","25.1","22.4","point"
"2024-12-16 03:00:00 am","23.5","94.7","25.2","22.6","point"
"2024-12-16 04:00:00 am","23.4","94.8","25.1","22.5","point"
"2024-12-16 05:00:00 am","23.2","95.0","24.8","22.3","point"
"2024-12-16 06:00:00 am","23.1","95.2","24.9","22.3","point"
"2024-12-16 07:00:00 am","22.9","95.4","24.6","22.1","point"
"2024-12-16 08:00:00 am","25.2","95.1","28.1","24.4","point"
"2024-12-16 09:00:00 am","26.4","95.1","31.1","25.5","point"
"2024-12-16 10:00:00 am","28.0","94.5","35.3","27.1","point"
"2024-12-16 11:00:00 am","30.2","93.2","42.3","29.0","point"
"2024-12-16 12:00:00 pm","32.3","91.7","50.0","30.7","point"
"2024-12-16 01:00:00 pm","33.4","91.6","54.7","31.8","point"
"2024-12-16 02:00:00 pm","34.0","91.5","57.7","32.4","point"
"2024-12-16 03:00:00 pm","34.2","91.2","58.4","32.6","point"
"2024-12-16 04:00:00 pm","34.3","91.2","58.3","32.6","point"
"2024-12-16 05:00:00 pm","33.6","91.6","55.6","32.0","point"
"2024-12-16 06:00:00 pm","32.9","92.2","52.8","31.5","point"
"2024-12-16 07:00:00 pm","32.1","92.6","49.9","30.8","point"
"2024-12-16 08:00:00 pm","30.8","92.8","44.5","29.5","point"
"2024-12-16 09:00:00 pm","29.7","88.8","39.4","27.6","point"
"2024-12-16 10:00:00 pm","28.7","86.3","36.0","26.2","point"
"2024-12-16 11:00:00 pm","27.6","87.0","32.9","25.2","point"
"2024-12-17 12:00:00 am","26.5","87.2","30.5","24.2","point"
"2024-12-17 01:00:00 am","25.7","89.1","28.9","23.8","point"
"2024-12-17 02:00:00 am","24.9","89.6","26.9","23.0","point"
"2024-12-17 03:00:00 am","23.8","91.3","25.6","22.3","point"
"2024-12-17 04:00:00 am","22.7","92.1","24.0","21.3","point"
"2024-12-17 05:00:00 am","21.7","92.9","22.6","20.5","point"
"2024-12-17 06:00:00 am","21.2","93.9","22.2","20.2","point"
"2024-12-17 07:00:00 am","21.0","94.3","21.9","20.0","point"
"2024-12-17 08:00:00 am","31.3","34.9","31.2","14.0","point"
"2024-12-17 09:00:00 am","38.5","22.7","39.2","13.5","point"
"2024-12-17 10:00:00 am","42.7","17.7","43.3","13.1","point"
"2024-12-17 11:00:00 am","51.7","12.1","52.8","14.3","point"
"2024-12-17 12:00:00 pm","55.0","13.3","58.5","18.3","point"
"2024-12-17 01:00:00 pm","48.0","12.5","47.9","11.9","point"
"2024-12-17 02:00:00 pm","54.0","12.1","55.9","15.9","point"
"2024-12-17 03:00:00 pm","37.0","21.0","36.5","11.1","point"
"2024-12-17 04:00:00 pm","34.2","21.4","32.6","9.0","point"
"2024-12-17 05:00:00 pm","32.9","20.5","30.9","7.3","point"
"2024-12-17 06:00:00 pm","28.8","24.2","26.6","6.3","point"
"2024-12-17 07:00:00 pm","24.7","23.1","22.4","2.3","point"
"2024-12-17 08:00:00 pm","21.8","27.5","20.3","2.3","point"
"2024-12-17 09:00:00 pm","20.6","28.5","18.8","1.7","point"
"2024-12-17 10:00:00 pm","19.1","39.1","17.1","4.9","point"
"2024-12-17 11:00:00 pm","18.5","43.2","16.3","5.8","point"
"2024-12-18 12:00:00 am","16.3","54.9","14.9","7.2","point"
"2024-12-18 01:00:00 am","15.4","54.6","14.1","6.3","point"
"2024-12-18 02:00:00 am","15.0","58.4","13.8","6.9","point"
"2024-12-18 03:00:00 am","13.2","74.5","12.8","8.8","point"
"2024-12-18 04:00:00 am","14.1","73.7","13.6","9.4","point"
"2024-12-18 05:00:00 am","13.7","81.1","13.6","10.5","point"
"2024-12-18 06:00:00 am","12.8","82.8","12.7","9.9","point"
"2024-12-18 07:00:00 am","16.7","65.7","15.7","10.3","point"
"2024-12-18 08:00:00 am","21.5","52.3","21.0","11.3","point"
"2024-12-18 09:00:00 am","26.4","37.9","25.1","10.9","point"
"2024-12-18 10:00:00 am","38.3","19.4","37.7","10.9","point"
"2024-12-18 11:00:00 am","52.4","16.5","57.5","19.7","point"
"2024-12-18 12:00:00 pm","51.0","10.9","51.0","12.1","point"
"2024-12-18 01:00:00 pm","54.4","8.9","54.0","11.6","point"
"2024-12-18 02:00:00 pm","54.7","6.6","52.2","7.2","point"
"2024-12-18 03:00:00 pm","47.7","8.2","45.1","5.4","point"
"2024-12-18 04:00:00 pm","40.8","10.7","38.2","4.1","point"
"2024-12-18 05:00:00 pm","40.3","10.1","37.5","3.0","point"
"2024-12-18 06:00:00 pm","35.0","11.9","32.0","1.3","point"
"2024-12-18 07:00:00 pm","28.9","14.5","26.0","-0.7","point"
"2024-12-18 08:00:00 pm","25.2","16.1","22.5","-2.3","point"
"2024-12-18 09:00:00 pm","23.0","20.4","20.8","-0.9","point"
"2024-12-18 10:00:00 pm","22.0","22.0","20.2","-0.7","point"
"2024-12-18 11:00:00 pm","20.3","26.5","18.1","0.4","point"
"2024-12-19 12:00:00 am","19.0","34.2","16.7","2.9","point"
"2024-12-19 01:00:00 am","17.3","44.4","15.3","5.1","point"
"2024-12-19 02:00:00 am","16.9","47.8","15.0","5.7","point"
"2024-12-19 03:00:00 am","15.8","49.7","14.2","5.3","point"
"2024-12-19 04:00:00 am","18.7","39.1","16.4","4.5","point"
"2024-12-19 05:00:00 am","18.0","37.6","15.5","3.3","point"
"2024-12-19 06:00:00 am","12.9","55.5","11.8","4.2","point"
"2024-12-19 07:00:00 am","16.5","55.5","15.1","7.6","point"
"2024-12-19 08:00:00 am","27.6","23.5","25.3","4.9","point"
"2024-12-19 09:00:00 am","36.7","15.8","34.5","6.6","point"
"2024-12-19 10:00:00 am","51.0","9.9","50.4","10.7","point"
"2024-12-19 11:00:00 am","52.4","6.8","49.8","6.2","point"
"2024-12-19 12:00:00 pm","58.9","5.9","56.4","8.6","point"
"2024-12-19 01:00:00 pm","58.9","5.0","55.4","6.3","point"
"2024-12-19 02:00:00 pm","61.1","4.8","57.5","6.9","point"
"2024-12-19 03:00:00 pm","57.6","4.7","53.8","4.5","point"
"2024-12-19 04:00:00 pm","43.6","6.9","40.0","0.0","point"
"2024-12-19 05:00:00 pm","38.9","7.7","35.4","-1.7","point"
"2024-12-19 06:00:00 pm","35.3","8.3","31.7","-3.5","point"
"2024-12-19 07:00:00 pm","30.3","9.1","26.9","-5.9","point"
"2024-12-19 08:00:00 pm","26.4","12.0","23.4","-5.3","point"
"2024-12-19 09:00:00 pm","24.9","13.9","22.1","-4.5","point"
"2024-12-19 10:00:00 pm","24.2","15.8","21.6","-3.3","point"
"2024-12-19 11:00:00 pm","22.6","19.4","20.4","-1.9","point"
"2024-12-20 12:00:00 am","21.5","22.2","19.8","-1.0","point"
"2024-12-20 01:00:00 am","20.3","28.1","18.1","1.2","point"
"2024-12-20 02:00:00 am","19.4","31.4","17.2","2.0","point"
"2024-12-20 03:00:00 am","17.4","33.0","14.8","1.0","point"
"2024-12-20 04:00:00 am","15.5","31.6","13.1","-1.3","point"
"2024-12-20 05:00:00 am","15.7","28.7","13.2","-2.4","point"
"2024-12-20 06:00:00 am","15.1","29.1","12.7","-2.8","point"
"2024-12-20 07:00:00 am","18.5","29.3","15.6","0.2","point"
"2024-12-20 08:00:00 am","32.0","19.1","29.7","5.6","point"
"2024-12-20 09:00:00 am","43.6","13.7","42.5","9.9","point"
"2024-12-20 10:00:00 am","46.5","15.6","47.4","14.1","point"
"2024-12-20 11:00:00 am","56.1","13.6","60.4","19.4","point"
"2024-12-20 12:00:00 pm","58.0","10.9","60.7","17.3","point"
"2024-12-20 01:00:00 pm","61.9","9.7","65.0","18.4","point"
"2024-12-20 02:00:00 pm","52.8","11.8","54.0","14.7","point"
"2024-12-20 03:00:00 pm","58.8","8.1","58.8","13.4","point"
"2024-12-20 04:00:00 pm","46.3","14.0","46.2","12.3","point"
"2024-12-20 05:00:00 pm","37.2","21.1","36.7","11.3","point"
"2024-12-20 06:00:00 pm","37.8","19.9","37.0","10.9","point"
"2024-12-20 07:00:00 pm","33.2","25.4","32.2","10.8","point"
"2024-12-20 08:00:00 pm","29.7","34.5","28.8","12.4","point"
"2024-12-20 09:00:00 pm","28.8","39.0","28.1","13.4","point"
"2024-12-20 10:00:00 pm","27.9","37.1","26.7","11.9","point"
"2024-12-20 11:00:00 pm","27.2","38.5","26.2","11.9","point"
"2024-12-21 12:00:00 am","27.0","38.4","25.9","11.7","point"
"2024-12-21 01:00:00 am","26.0","32.8","24.3","8.4","point"
"2024-12-21 02:00:00 am","24.3","39.5","23.0","9.7","point"
"2024-12-21 03:00:00 am","23.2","43.4","22.2","10.1","point"
"2024-12-21 04:00:00 am","24.8","52.4","24.3","14.4","point"
"2024-12-21 05:00:00 am","24.3","53.4","23.9","14.3","point"
"2024-12-21 06:00:00 am","24.1","56.4","23.7","14.9","point"
"2024-12-21 07:00:00 am","23.8","60.1","23.7","15.6","point"
"2024-12-21 08:00:00 am","27.3","51.1","27.4","16.3","point"
"2024-12-21 09:00:00 am","32.0","39.2","33.0","16.4","point"
"2024-12-21 10:00:00 am","43.5","23.6","47.6","18.2","point"
"2024-12-21 11:00:00 am","50.1","16.6","53.9","18.0","point"
"2024-12-21 12:00:00 pm","60.2","14.2","67.9","23.3","point"
"2024-12-21 01:00:00 pm","60.5","12.2","66.0","21.1","point"
"2024-12-21 02:00:00 pm","59.2","12.3","64.2","20.2","point"
"2024-12-21 03:00:00 pm","60.0","9.9","62.3","17.2","point"
"2024-12-21 04:00:00 pm","46.9","16.1","48.4","14.9","point"
"2024-12-21 05:00:00 pm","43.3","18.8","44.6","14.5","point"
"2024-12-21 06:00:00 pm","39.6","20.6","40.0","12.9","point"
"2024-12-21 07:00:00 pm","35.2","27.1","35.3","13.4","point"
"2024-12-21 08:00:00 pm","29.8","84.2","38.6","26.8","point"
"2024-12-21 09:00:00 pm","23.8","94.1","25.8","22.8","point"
"2024-12-21 10:00:00 pm","21.0","95.9","21.9","20.3","point"
"2024-12-21 11:00:00 pm","19.7","95.9","20.4","19.0","point"
"2024-12-22 12:00:00 am","21.0","95.4","21.9","20.2","point"
"2024-12-22 01:00:00 am","20.7","95.8","21.7","20.0","point"
"2024-12-22 02:00:00 am","20.5","95.7","21.4","19.8","point"
"2024-12-22 03:00:00 am","20.1","96.1","21.0","19.5","point"
"2024-12-22 04:00:00 am","20.1","96.1","21.0","19.5","point"
"2024-12-22 05:00:00 am","20.3","96.1","21.1","19.6","point"
"2024-12-22 06:00:00 am","20.3","96.1","21.1","19.6","point"
"2024-12-22 07:00:00 am","21.2","96.2","22.1","20.5","point"
"2024-12-22 08:00:00 am","22.3","96.0","23.6","21.6","point"
"2024-12-22 09:00:00 am","24.1","95.4","26.1","23.3","point"
"2024-12-22 10:00:00 am","30.7","91.7","43.5","29.2","point"
"2024-12-22 11:00:00 am","32.1","91.0","49.2","30.5","point"
"2024-12-22 12:00:00 pm","51.3","36.8","78.5","32.3","point"
"2024-12-22 01:00:00 pm","51.7","27.3","67.6","27.5","point"
"2024-12-22 02:00:00 pm","48.5","36.2","69.6","29.6","point"
"2024-12-22 03:00:00 pm","40.2","36.9","48.6","22.6","point"
"2024-12-22 04:00:00 pm","39.8","37.3","47.6","22.4","point"
"2024-12-22 05:00:00 pm","32.8","46.7","36.4","19.9","point"
"2024-12-22 06:00:00 pm","29.4","55.9","31.6","19.7","point"
"2024-12-22 07:00:00 pm","27.0","62.6","28.3","19.3","point"
"2024-12-22 08:00:00 pm","22.8","78.3","23.6","18.9","point"
"2024-12-22 09:00:00 pm","22.4","84.0","23.3","19.5","point"
"2024-12-22 10:00:00 pm","21.4","88.3","22.1","19.4","point"
"2024-12-22 11:00:00 pm","20.6","97.0","21.5","20.1","point"
"2024-12-23 12:00:00 am","20.9","97.1","21.9","20.4","point"
"2024-12-23 01:00:00 am","21.0","97.1","22.0","20.6","point"
"2024-12-23 02:00:00 am","20.4","97.4","21.3","20.0","point"
"2024-12-23 03:00:00 am","19.9","97.6","20.9","19.5","point"
"2024-12-23 04:00:00 am","19.4","97.9","20.3","19.1","point"
"2024-12-23 05:00:00 am","19.7","97.9","20.5","19.3","point"
"2024-12-23 06:00:00 am","19.6","98.1","20.4","19.3","point"
"2024-12-23 07:00:00 am","21.2","99.0","22.3","21.0","point"
"2024-12-23 08:00:00 am","21.8","99.6","23.0","21.7","point"
"2024-12-23 09:00:00 am","26.9","98.4","33.1","26.7","point"
"2024-12-23 10:00:00 am","33.7","92.8","56.6","32.3","point"
"2024-12-23 11:00:00 am","43.5","56.7","73.8","33.0","point"
"2024-12-23 12:00:00 pm","46.7","33.1","61.5","26.5","point"
"2024-12-23 01:00:00 pm","43.6","35.0","55.3","24.7","point"
"2024-12-23 02:00:00 pm","48.9","27.6","61.3","25.3","point"
"2024-12-23 03:00:00 pm","54.6","18.5","63.8","23.3","point"
"2024-12-23 04:00:00 pm","35.2","37.7","38.3","18.5","point"
"2024-12-23 05:00:00 pm","37.1","32.7","40.3","18.0","point"
"2024-12-23 06:00:00 pm","33.1","41.6","35.5","18.3","point"
"2024-12-23 07:00:00 pm","28.1","46.8","28.0","15.6","point"
"2024-12-23 08:00:00 pm","23.2","66.4","23.4","16.6","point"
"2024-12-23 09:00:00 pm","22.2","73.8","22.6","17.3","point"
"2024-12-23 10:00:00 pm","21.6","76.6","22.2","17.4","point"
"2024-12-23 11:00:00 pm","20.1","86.6","20.6","17.8","point"
"2024-12-24 12:00:00 am","19.3","90.0","19.8","17.7","point"
"2024-12-24 01:00:00 am","19.3","91.1","19.7","17.8","point"
"2024-12-24 02:00:00 am","18.9","89.5","19.1","17.1","point"
"2024-12-24 03:00:00 am","18.5","85.4","18.6","16.0","point"
"2024-12-24 04:00:00 am","18.2","82.0","18.1","15.1","point"
"2024-12-24 05:00:00 am","18.3","83.0","18.2","15.4","point"
"2024-12-24 06:00:00 am","18.4","74.9","17.8","13.9","point"
"2024-12-24 07:00:00 am","18.9","69.7","18.2","13.2","point"
"2024-12-24 08:00:00 am","21.0","96.3","22.0","20.4","point"
"2024-12-24 09:00:00 am","26.9","94.1","32.4","25.9","point"
"2024-12-24 10:00:00 am","34.7","92.6","61.2","33.3","point"
"2024-12-24 11:00:00 am","50.6","24.4","62.2","24.6","point"
"2024-12-24 12:00:00 pm","49.3","27.5","62.3","25.6","point"
"2024-12-24 01:00:00 pm","57.0","20.1","70.6","26.5","point"
"2024-12-24 02:00:00 pm","55.4","17.7","64.2","23.2","point"
"2024-12-24 03:00:00 pm","50.3","23.1","60.2","23.4","point"
"2024-12-24 04:00:00 pm","34.8","38.1","37.8","18.5","point"
"2024-12-24 05:00:00 pm","35.8","35.1","38.6","18.0","point"
"2024-12-24 06:00:00 pm","30.8","36.9","30.6","14.4","point"
"2024-12-24 07:00:00 pm","26.8","46.8","26.5","14.5","point"
"2024-12-24 08:00:00 pm","22.7","63.8","22.9","15.5","point"
"2024-12-24 09:00:00 pm","22.0","71.1","22.3","16.5","point"
"2024-12-24 10:00:00 pm","21.3","87.1","22.1","19.1","point"
"2024-12-24 11:00:00 pm","20.8","86.3","21.3","18.4","point"
"2024-12-25 12:00:00 am","20.3","90.9","20.9","18.7","point"
"2024-12-25 01:00:00 am","21.1","90.9","22.0","19.6","point"
"2024-12-25 02:00:00 am","21.5","90.5","22.3","19.8","point"
"2024-12-25 03:00:00 am","21.5","96.8","22.4","20.9","point"
"2024-12-25 04:00:00 am","21.0","96.2","22.0","20.4","point"
"2024-12-25 05:00:00 am","20.2","95.5","20.9","19.4","point"
"2024-12-25 06:00:00 am","19.8","97.9","20.6","19.4","point"
"2024-12-25 07:00:00 am","20.5","98.4","21.4","20.2","point"
"2024-12-25 08:00:00 am","26.2","99.0","31.4","26.0","point"
"2024-12-25 09:00:00 am","29.8","92.2","41.0","28.4","point"
"2024-12-25 10:00:00 am","39.3","92.6","88.6","37.9","point"
"2024-12-25 11:00:00 am","48.1","31.6","63.4","26.9","point"
"2024-12-25 12:00:00 pm","47.3","32.1","62.0","26.5","point"
"2024-12-25 01:00:00 pm","53.0","23.8","66.6","26.1","point"
"2024-12-25 02:00:00 pm","53.8","22.1","66.4","25.6","point"
"2024-12-25 03:00:00 pm","42.7","40.4","57.0","26.4","point"
"2024-12-25 04:00:00 pm","43.3","26.4","48.7","19.8","point"
"2024-12-25 05:00:00 pm","35.3","33.2","37.1","16.7","point"
"2024-12-25 06:00:00 pm","32.0","36.5","32.6","15.3","point"
"2024-12-25 07:00:00 pm","26.1","53.1","26.1","15.8","point"
"2024-12-25 08:00:00 pm","24.4","70.2","24.9","18.6","point"
"2024-12-25 09:00:00 pm","22.8","73.3","23.3","17.7","point"
"2024-12-25 10:00:00 pm","21.4","85.7","22.1","18.9","point"
"2024-12-25 11:00:00 pm","22.1","89.5","23.2","20.3","point"
"2024-12-26 12:00:00 am","22.2","73.9","22.6","17.3","point"
"2024-12-26 01:00:00 am","20.8","96.5","21.7","20.2","point"
"2024-12-26 02:00:00 am","20.4","97.4","21.3","20.0","point"
"2024-12-26 03:00:00 am","20.1","97.3","21.0","19.7","point"
"2024-12-26 04:00:00 am","20.2","97.9","21.2","19.9","point"
"2024-12-26 05:00:00 am","20.5","98.2","21.5","20.2","point"
"2024-12-26 06:00:00 am","20.0","98.2","20.9","19.7","point"
"2024-12-26 07:00:00 am","21.0","98.7","22.0","20.8","point"
"2024-12-26 08:00:00 am","22.7","99.4","24.5","22.6","point"
"2024-12-26 09:00:00 am","25.3","98.2","28.9","25.0","point"
"2024-12-26 10:00:00 am","34.8","95.9","64.4","34.1","point"
"2024-12-26 11:00:00 am","47.0","32.6","61.6","26.5","point"
"2024-12-26 12:00:00 pm","45.7","31.8","57.5","24.9","point"
"2024-12-26 01:00:00 pm","50.0","18.3","55.1","19.4","point"
"2024-12-26 02:00:00 pm","34.0","46.4","38.5","20.9","point"
"2024-12-26 03:00:00 pm","25.3","63.4","25.6","17.8","point"
"2024-12-26 04:00:00 pm","24.1","97.5","26.5","23.7","point"
"2024-12-26 05:00:00 pm","25.9","98.7","30.5","25.7","point"
"2024-12-26 06:00:00 pm","24.9","99.0","27.7","24.7","point"
"2024-12-26 07:00:00 pm","22.4","98.3","24.0","22.1","point"
"2024-12-26 08:00:00 pm","21.8","97.3","23.0","21.4","point"
"2024-12-26 09:00:00 pm","21.8","97.3","23.0","21.4","point"
"2024-12-26 10:00:00 pm","20.5","97.0","21.3","20.0","point"
"2024-12-26 11:00:00 pm","19.9","97.5","20.8","19.5","point"
"2024-12-27 12:00:00 am","20.3","98.2","21.3","20.0","point"
"2024-12-27 01:00:00 am","20.6","98.5","21.5","20.4","point"
"2024-12-27 02:00:00 am","19.2","98.2","20.0","18.9","point"
"2024-12-27 03:00:00 am","18.4","98.1","19.2","18.1","point"
"2024-12-27 04:00:00 am","18.5","98.5","19.3","18.3","point"
"2024-12-27 05:00:00 am","18.9","98.8","19.6","18.7","point"
"2024-12-27 06:00:00 am","18.5","98.7","19.3","18.3","point"
"2024-12-27 07:00:00 am","20.8","99.6","21.8","20.7","point"
"2024-12-27 08:00:00 am","23.8","100.0","26.2","23.8","point"
"2024-12-27 09:00:00 am","28.4","98.7","37.6","28.2","point"
"2024-12-27 10:00:00 am","36.7","93.3","73.3","35.4","point"
"2024-12-27 11:00:00 am","40.6","42.6","52.6","25.4","point"
"2024-12-27 12:00:00 pm","38.6","39.1","45.9","22.2","point"
"2024-12-27 01:00:00 pm","54.0","22.7","67.9","26.3","point"
"2024-12-27 02:00:00 pm","41.8","27.0","46.2","18.9","point"
"2024-12-27 03:00:00 pm","31.3","74.8","40.5","26.3","point"
"2024-12-27 04:00:00 pm","25.6","95.9","29.4","24.9","point"
"2024-12-27 05:00:00 pm","26.0","97.4","30.6","25.5","point"
"2024-12-27 06:00:00 pm","26.2","99.2","31.4","26.1","point"
"2024-12-27 07:00:00 pm","24.7","98.9","27.3","24.5","point"
"2024-12-27 08:00:00 pm","22.1","97.6","23.5","21.7","point"
"2024-12-27 09:00:00 pm","20.9","97.6","22.0","20.5","point"
"2024-12-27 10:00:00 pm","21.5","98.3","22.5","21.2","point"
"2024-12-27 11:00:00 pm","21.6","98.5","22.7","21.3","point"
"2024-12-28 12:00:00 am","21.8","98.9","23.1","21.6","point"
"2024-12-28 01:00:00 am","21.3","98.7","22.4","21.1","point"
"2024-12-28 02:00:00 am","21.5","99.2","22.5","21.4","point"
"2024-12-28 03:00:00 am","20.4","98.9","21.4","20.2","point"
"2024-12-28 04:00:00 am","20.9","99.3","21.9","20.7","point"
"2024-12-28 05:00:00 am","20.9","99.4","21.9","20.8","point"
"2024-12-28 06:00:00 am","21.0","99.7","22.1","21.0","point"
"2024-12-28 07:00:00 am","21.9","100.0","23.1","21.9","point"
"2024-12-28 08:00:00 am","25.3","100.0","28.9","25.3","point"
"2024-12-28 09:00:00 am","24.1","100.0","26.6","24.1","point"
"2024-12-28 10:00:00 am","28.2","100.0","36.8","28.2","point"
"2024-12-28 11:00:00 am","38.7","94.5","86.0","37.6","point"
"2024-12-28 12:00:00 pm","46.8","25.8","55.3","22.4","point"
"2024-12-28 01:00:00 pm","52.4","15.0","55.8","18.1","point"
"2024-12-28 02:00:00 pm","58.0","13.2","63.1","20.4","point"
"2024-12-28 03:00:00 pm","47.4","13.7","47.6","12.8","point"
"2024-12-28 04:00:00 pm","37.6","17.5","36.1","8.9","point"
"2024-12-28 05:00:00 pm","33.6","20.9","31.8","8.2","point"
"2024-12-28 06:00:00 pm","31.4","22.8","29.5","7.7","point"
"2024-12-28 07:00:00 pm","27.5","31.1","25.8","8.9","point"
"2024-12-28 08:00:00 pm","23.8","36.9","22.5","8.2","point"
"2024-12-28 09:00:00 pm","23.4","34.8","22.0","7.0","point"
"2024-12-28 10:00:00 pm","21.7","32.4","20.5","4.5","point"
"2024-12-28 11:00:00 pm","21.6","30.4","20.3","3.4","point"
"2024-12-29 12:00:00 am","20.6","29.9","18.7","2.3","point"
"2024-12-29 01:00:00 am","21.6","28.1","20.1","2.3","point"
"2024-12-29 02:00:00 am","20.8","29.4","19.1","2.3","point"
"2024-12-29 03:00:00 am","20.8","28.0","19.0","1.7","point"
"2024-12-29 04:00:00 am","20.2","30.3","18.2","2.2","point"
"2024-12-29 05:00:00 am","18.9","43.2","17.0","6.2","point"
"2024-12-29 06:00:00 am","19.3","38.4","17.2","4.7","point"
"2024-12-29 07:00:00 am","19.8","38.4","18.1","5.3","point"
"2024-12-29 08:00:00 am","20.1","55.5","19.3","11.0","point"
"2024-12-29 09:00:00 am","22.5","24.4","20.7","1.2","point"
"2024-12-29 10:00:00 am","25.4","22.4","23.0","2.4","point"
"2024-12-29 11:00:00 am","34.5","15.4","31.9","4.6","point"
"2024-12-29 12:00:00 pm","40.5","11.3","38.0","4.8","point"
"2024-12-29 01:00:00 pm","56.4","7.4","55.1","10.2","point"
"2024-12-29 02:00:00 pm","45.7","8.8","43.2","5.0","point"
"2024-12-29 03:00:00 pm","41.6","10.2","39.1","4.2","point"
"2024-12-29 04:00:00 pm","39.6","11.7","37.1","4.5","point"
"2024-12-29 05:00:00 pm","37.0","12.2","34.2","3.1","point"
"2024-12-29 06:00:00 pm","35.2","11.3","32.0","0.6","point"
"2024-12-29 07:00:00 pm","28.7","14.6","25.7","-0.9","point"
"2024-12-29 08:00:00 pm","23.1","23.2","21.1","1.0","point"
"2024-12-29 09:00:00 pm","22.0","26.4","20.4","1.8","point"
"2024-12-29 10:00:00 pm","20.9","29.7","19.3","2.5","point"
"2024-12-29 11:00:00 pm","20.7","31.0","19.1","3.0","point"
"2024-12-30 12:00:00 am","19.6","32.7","17.4","2.8","point"
"2024-12-30 01:00:00 am","19.3","32.1","16.9","2.2","point"
"2024-12-30 02:00:00 am","19.2","32.1","16.7","2.2","point"
"2024-12-30 03:00:00 am","18.5","33.5","15.8","2.1","point"
"2024-12-30 04:00:00 am","17.8","34.3","15.1","1.9","point"
"2024-12-30 05:00:00 am","18.0","33.7","15.4","1.8","point"
"2024-12-30 06:00:00 am","19.2","31.3","16.7","1.8","point"
"2024-12-30 07:00:00 am","20.2","31.8","18.2","2.9","point"
"2024-12-30 08:00:00 am","23.9","27.3","21.9","3.9","point"
"2024-12-30 09:00:00 am","37.4","16.9","35.6","8.1","point"
"2024-12-30 10:00:00 am","40.9","13.9","39.1","8.0","point"
"2024-12-30 11:00:00 am","44.2","12.1","42.6","8.5","point"
"2024-12-30 12:00:00 pm","58.6","8.7","59.0","14.2","point"
"2024-12-30 01:00:00 pm","65.4","7.9","64.3","17.6","point"
"2024-12-30 02:00:00 pm","51.6","11.8","52.3","13.8","point"
"2024-12-30 03:00:00 pm","46.1","14.4","46.2","12.6","point"
"2024-12-30 04:00:00 pm","42.9","16.4","42.8","12.1","point"
"2024-12-30 05:00:00 pm","42.7","17.7","43.3","13.1","point"
"2024-12-30 06:00:00 pm","35.8","20.6","34.7","9.8","point"
"2024-12-30 07:00:00 pm","33.5","15.0","30.8","3.4","point"
"2024-12-30 08:00:00 pm","29.0","19.6","26.5","3.5","point"
"2024-12-30 09:00:00 pm","27.4","24.1","25.1","5.1","point"
"2024-12-30 10:00:00 pm","26.3","26.6","24.2","5.6","point"
"2024-12-30 11:00:00 pm","23.8","30.9","22.1","5.6","point"
"2024-12-31 12:00:00 am","22.8","33.8","21.4","6.1","point"
"2024-12-31 01:00:00 am","20.5","37.9","18.9","5.6","point"
"2024-12-31 02:00:00 am","21.7","41.6","20.8","8.1","point"
"2024-12-31 03:00:00 am","22.4","34.7","21.1","6.1","point"
"2024-12-31 04:00:00 am","20.9","36.4","19.6","5.4","point"
"2024-12-31 05:00:00 am","22.0","34.2","20.7","5.5","point"
"2024-12-31 06:00:00 am","21.9","33.0","20.6","4.9","point"
"2024-12-31 07:00:00 am","22.8","32.3","21.3","5.4","point"
"2024-12-31 08:00:00 am","25.2","28.5","23.2","5.7","point"
"2024-12-31 09:00:00 am","32.5","22.9","30.8","8.6","point"
"2024-12-31 10:00:00 am","36.2","18.5","34.7","8.5","point"
"2024-12-31 11:00:00 am","40.6","15.1","39.1","9.0","point"
"2024-12-31 12:00:00 pm","57.8","9.1","58.4","14.3","point"
"2024-12-31 01:00:00 pm","61.5","7.7","61.9","14.4","point"
"2024-12-31 02:00:00 pm","64.6","7.0","63.0","15.2","point"
"2024-12-31 03:00:00 pm","62.9","7.2","62.8","14.4","point"
"2024-12-31 04:00:00 pm","50.4","9.0","48.9","8.8","point"
"2024-12-31 05:00:00 pm","41.9","12.9","40.3","7.8","point"
"2024-12-31 06:00:00 pm","39.3","13.9","37.2","6.8","point"
"2024-12-31 07:00:00 pm","34.8","16.3","32.3","5.6","point"
"2024-12-31 08:00:00 pm","29.5","19.7","27.1","4.0","point"
"2024-12-31 09:00:00 pm","27.2","22.4","24.9","3.9","point"
"2024-12-31 10:00:00 pm","26.0","26.7","24.0","5.4","point"
"2024-12-31 11:00:00 pm","24.7","27.1","22.7","4.5","point"
"2025-01-01 12:00:00 am","22.8","27.5","21.0","3.1","point"
"2025-01-01 01:00:00 am","23.9","25.3","21.8","2.8","point"
"2025-01-01 02:00:00 am","23.2","26.6","21.3","3.0","point"
"2025-01-01 03:00:00 am","22.3","27.8","20.7","2.8","point"
"2025-01-01 04:00:00 am","23.1","32.0","21.5","5.5","point"
"2025-01-01 05:00:00 am","21.8","34.2","20.6","5.4","point"
"2025-01-01 06:00:00 am","19.0","41.8","17.1","5.8","point"
"2025-01-01 07:00:00 am","21.6","44.7","20.9","9.0","point"
"2025-01-01 08:00:00 am","30.0","23.6","27.9","7.0","point"
"2025-01-01 09:00:00 am","39.1","16.2","37.6","8.9","point"
"2025-01-01 10:00:00 am","48.1","11.5","47.6","10.8","point"
"2025-01-01 11:00:00 am","59.2","9.7","61.1","16.4","point"
"2025-01-01 12:00:00 pm","58.6","8.8","59.3","14.5","point"
"2025-01-01 01:00:00 pm","65.3","8.1","64.4","17.8","point"
"2025-01-01 02:00:00 pm","69.8","6.6","62.3","17.7","point"
"2025-01-01 03:00:00 pm","56.0","9.6","56.5","13.8","point"
"2025-01-01 04:00:00 pm","49.8","12.2","50.2","12.9","point"
"2025-01-01 05:00:00 pm","44.0","15.5","43.8","12.0","point"
"2025-01-01 06:00:00 pm","37.9","19.9","37.3","11.0","point"
"2025-01-01 07:00:00 pm","34.0","22.5","32.8","9.7","point"
"2025-01-01 08:00:00 pm","29.5","29.7","27.9","9.9","point"
"2025-01-01 09:00:00 pm","27.9","26.0","25.7","6.6","point"
"2025-01-01 10:00:00 pm","27.3","30.3","25.5","8.4","point"
"2025-01-01 11:00:00 pm","24.7","33.1","22.9","7.4","point"
"2025-01-02 12:00:00 am","24.5","35.5","23.0","8.2","point"
"2025-01-02 01:00:00 am","24.2","36.0","22.7","8.2","point"
"2025-01-02 02:00:00 am","21.7","35.1","20.6","5.7","point"
"2025-01-02 03:00:00 am","20.5","38.2","19.1","5.8","point"
"2025-01-02 04:00:00 am","20.9","36.4","19.4","5.4","point"
"2025-01-02 05:00:00 am","21.4","34.8","20.2","5.2","point"
"2025-01-02 06:00:00 am","20.3","33.6","18.4","3.7","point"
"2025-01-02 07:00:00 am","21.4","33.2","20.2","4.6","point"
"2025-01-02 08:00:00 am","30.1","21.4","27.9","5.7","point"
"2025-01-02 09:00:00 am","36.3","20.8","35.4","10.4","point"
"2025-01-02 10:00:00 am","40.3","25.5","43.1","16.8","point"
"2025-01-02 11:00:00 am","45.7","24.7","52.6","20.8","point"
"2025-01-02 12:00:00 pm","54.1","15.6","59.3","20.1","point"
"2025-01-02 01:00:00 pm","57.6","12.9","62.0","19.7","point"
"2025-01-02 02:00:00 pm","40.8","23.4","42.9","15.8","point"
"2025-01-02 03:00:00 pm","37.1","39.4","42.7","21.0","point"
"2025-01-02 04:00:00 pm","23.3","95.9","25.0","22.6","point"
"2025-01-02 05:00:00 pm","25.1","97.4","28.3","24.7","point"
"2025-01-02 06:00:00 pm","25.3","98.6","28.7","25.0","point"
"2025-01-02 07:00:00 pm","23.6","98.6","25.7","23.4","point"
"2025-01-02 08:00:00 pm","22.3","98.1","23.8","22.0","point"
"2025-01-02 09:00:00 pm","22.0","98.4","23.2","21.7","point"
"2025-01-02 10:00:00 pm","21.6","98.6","22.7","21.4","point"
"2025-01-02 11:00:00 pm","22.0","98.9","23.4","21.9","point"
"2025-01-03 12:00:00 am","21.1","98.8","22.1","20.9","point"
"2025-01-03 01:00:00 am","20.1","99.3","21.1","20.0","point"
"2025-01-03 02:00:00 am","20.3","99.4","21.3","20.3","point"
"2025-01-03 03:00:00 am","20.5","99.6","21.4","20.4","point"
"2025-01-03 04:00:00 am","20.5","99.8","21.4","20.4","point"
"2025-01-03 05:00:00 am","20.4","99.9","21.3","20.4","point"
"2025-01-03 06:00:00 am","20.1","99.9","21.0","20.1","point"
"2025-01-03 07:00:00 am","20.2","100.0","21.2","20.2","point"
"2025-01-03 08:00:00 am","21.1","100.0","22.1","21.1","point"
"2025-01-03 09:00:00 am","22.4","100.0","23.9","22.4","point"
"2025-01-03 10:00:00 am","26.0","100.0","31.0","26.0","point"
"2025-01-03 11:00:00 am","28.8","99.2","38.9","28.6","point"
"2025-01-03 12:00:00 pm","29.9","97.8","42.7","29.5","point"
"2025-01-03 01:00:00 pm","35.9","95.3","70.3","35.0","point"
"2025-01-03 02:00:00 pm","36.1","48.2","44.2","23.4","point"
"2025-01-03 03:00:00 pm","28.5","67.0","31.6","21.8","point"
"2025-01-03 04:00:00 pm","24.4","97.1","26.7","23.9","point"
"2025-01-03 05:00:00 pm","23.2","97.7","25.1","22.9","point"
"2025-01-03 06:00:00 pm","22.1","98.2","23.4","21.8","point"
"2025-01-03 07:00:00 pm","20.5","98.4","21.5","20.2","point"
"2025-01-03 08:00:00 pm","20.2","98.9","21.1","20.0","point"
"2025-01-03 09:00:00 pm","19.3","98.8","20.1","19.1","point"
"2025-01-03 10:00:00 pm","18.3","99.0","19.1","18.1","point"
"2025-01-03 11:00:00 pm","18.4","99.6","19.2","18.3","point"
"2025-01-04 12:00:00 am","18.2","99.9","19.0","18.2","point"
"2025-01-04 01:00:00 am","18.4","100.0","19.3","18.4","point"
"2025-01-04 02:00:00 am","17.8","100.0","18.5","17.8","point"
"2025-01-04 03:00:00 am","17.5","100.0","18.2","17.5","point"
"2025-01-04 04:00:00 am","17.4","100.0","18.1","17.4","point"
"2025-01-04 05:00:00 am","17.5","100.0","18.3","17.5","point"
"2025-01-04 06:00:00 am","17.2","100.0","18.0","17.2","point"
"2025-01-04 07:00:00 am","18.9","100.0","19.7","18.9","point"
"2025-01-04 08:00:00 am","26.9","100.0","33.4","26.9","point"
"2025-01-04 09:00:00 am","36.7","99.0","77.8","36.5","point"
"2025-01-04 09:00:30 am","37.7","--","--","--","point"
"2025-01-04 10:00:00 am","55.0","17.7","63.3","22.8","point"
"2025-01-04 10:00:30 am","40.6","25.0","43.4","16.7","point"
"2025-01-04 11:00:30 am","34.6","34.6","36.2","16.7","point"
"2025-01-04 12:00:00 pm","19.9","61.3","19.2","12.2","point"
"2025-01-04 01:00:00 pm","18.9","64.0","18.1","12.0","point"
"2025-01-04 02:00:00 pm","18.7","64.6","17.8","11.9","point"
"2025-01-04 03:00:00 pm","22.5","66.0","22.6","15.8","point"
"2025-01-04 04:00:00 pm","30.8","44.7","32.1","17.4","point"
"2025-01-04 05:00:00 pm","36.4","24.0","36.2","12.5","point"
"2025-01-04 06:00:00 pm","50.0","16.3","53.3","17.6","point"
"2025-01-04 06:00:30 pm","48.6","16.3","51.3","16.5","point"
"2025-01-04 07:00:30 pm","47.7","12.9","47.6","12.2","point"
"2025-01-04 08:00:30 pm","57.6","10.9","60.1","17.0","point"
"2025-01-04 09:00:30 pm","60.6","8.7","61.8","15.8","point"
"2025-01-04 10:00:30 pm","55.9","9.2","56.1","13.1","point"
"2025-01-04 11:00:30 pm","44.5","14.6","44.2","11.6","point"
"2025-01-05 12:00:30 am","40.0","18.4","39.6","11.4","point"
"2025-01-05 01:00:30 am","34.0","24.5","33.2","11.0","point"
"2025-01-05 02:00:30 am","29.5","30.0","28.1","10.1","point"
"2025-01-05 03:00:30 am","26.1","38.8","24.9","11.0","point"
"2025-01-05 04:00:30 am","25.3","46.6","24.4","13.0","point"
"2025-01-05 05:00:30 am","24.2","51.3","23.5","13.5","point"
"2025-01-05 06:00:30 am","23.8","55.0","23.4","14.2","point"
"2025-01-05 07:00:30 am","23.2","54.6","22.8","13.5","point"
"2025-01-05 08:00:30 am","22.8","54.5","22.4","13.2","point"
"2025-01-05 09:00:30 am","21.1","67.0","21.1","14.7","point"
"2025-01-05 10:00:30 am","20.5","64.9","20.3","13.7","point"
"2025-01-05 11:00:30 am","18.7","65.0","17.7","12.0","point"
"2025-01-05 12:00:30 pm","19.5","61.6","18.7","11.9","point"
"2025-01-05 01:00:30 pm","19.5","64.5","18.8","12.6","point"
"2025-01-05 02:00:30 pm","20.4","63.7","20.1","13.3","point"
"2025-01-05 03:00:30 pm","23.3","57.2","23.0","14.4","point"
"2025-01-05 04:00:30 pm","30.4","43.9","31.2","16.7","point"
"2025-01-05 05:00:30 pm","38.9","27.9","41.5","17.0","point"
"2025-01-05 06:00:30 pm","54.0","14.9","58.4","19.3","point"
"2025-01-05 07:00:30 pm","59.5","14.5","66.8","23.0","point"
"2025-01-05 08:00:30 pm","62.6","12.5","69.5","22.9","point"
"2025-01-05 09:00:30 pm","63.5","11.4","69.0","22.1","point"
"2025-01-05 10:00:30 pm","63.2","12.2","70.2","23.1","point"
"2025-01-05 11:00:30 pm","48.3","17.9","52.1","17.8","point"
"2025-01-06 12:00:30 am","41.3","20.6","42.4","14.3","point"
"2025-01-06 01:00:30 am","36.8","25.1","37.2","13.6","point"
"2025-01-06 02:00:30 am","31.0","32.5","30.3","12.7","point"
"2025-01-06 03:00:30 am","28.1","36.0","26.9","11.6","point"
"2025-01-06 04:00:30 am","26.3","39.2","25.2","11.3","point"
"2025-01-06 05:00:30 am","25.4","42.7","24.4","11.8","point"
"2025-01-06 06:00:30 am","24.3","47.1","23.5","12.3","point"
"2025-01-06 07:00:30 am","23.7","48.1","23.0","12.1","point"
"2025-01-06 08:00:30 am","22.3","47.1","21.6","10.5","point"
"2025-01-06 09:00:30 am","22.0","46.6","21.4","10.1","point"
"2025-01-06 10:00:30 am","21.6","48.0","21.1","10.1","point"
"2025-01-06 11:00:30 am","20.5","51.1","19.7","10.1","point"
"2025-01-06 12:00:30 pm","21.2","50.9","20.6","10.6","point"
"2025-01-06 01:00:30 pm","20.8","50.7","20.1","10.2","point"
"2025-01-06 02:00:30 pm","20.7","55.0","20.0","11.3","point"
"2025-01-06 03:00:30 pm","20.4","95.5","21.2","19.6","point"
"2025-01-06 04:00:30 pm","24.5","98.8","27.1","24.3","point"
"2025-01-06 05:00:30 pm","39.5","95.2","92.7","38.6","point"
"2025-01-06 06:00:30 pm","51.4","23.3","62.7","24.5","point"
"2025-01-06 07:00:30 pm","54.2","20.8","65.8","24.9","point"
"2025-01-06 08:00:30 pm","54.4","18.7","63.8","23.3","point"
"2025-01-06 09:00:30 pm","55.2","17.4","63.6","22.8","point"
"2025-01-06 10:00:30 pm","51.3","17.9","57.1","20.1","point"
"2025-01-06 11:00:30 pm","39.1","26.6","41.5","16.5","point"
"2025-01-07 12:00:30 am","33.7","29.2","33.5","13.3","point"
"2025-01-07 01:00:30 am","34.2","30.2","34.4","14.2","point"
"2025-01-07 02:00:30 am","25.4","40.7","24.1","11.1","point"
"2025-01-07 03:00:30 am","22.8","44.4","21.9","10.0","point"
"2025-01-07 04:00:30 am","21.3","47.9","20.8","9.9","point"
"2025-01-07 05:00:30 am","20.4","51.7","19.4","10.1","point"
"2025-01-07 06:00:30 am","19.6","54.3","18.4","10.1","point"
"2025-01-07 07:00:30 am","18.3","56.1","16.8","9.4","point"
"2025-01-07 08:00:30 am","17.5","58.9","16.2","9.4","point"
"2025-01-07 09:00:30 am","16.9","61.9","15.7","9.6","point"
"2025-01-07 10:00:30 am","16.6","64.2","15.6","9.8","point"
"2025-01-07 11:00:30 am","15.9","66.9","15.0","9.8","point"
"2025-01-07 12:00:30 pm","16.4","65.8","15.5","10.0","point"
"2025-01-07 01:00:30 pm","15.4","68.8","14.6","9.7","point"
"2025-01-07 02:00:30 pm","18.9","63.4","17.9","11.8","point"
"2025-01-07 03:00:30 pm","23.2","46.9","22.4","11.2","point"
"2025-01-07 04:00:30 pm","33.0","37.6","34.6","16.7","point"
"2025-01-07 05:00:30 pm","32.5","30.0","31.8","12.6","point"
"2025-01-07 06:00:30 pm","47.2","19.1","51.2","17.9","point"
"2025-01-07 07:00:30 pm","57.1","13.8","62.2","20.5","point"
"2025-01-07 08:00:30 pm","61.2","12.2","66.9","21.5","point"
"2025-01-07 09:00:30 pm","52.9","12.4","54.6","15.5","point"
"2025-01-07 10:00:30 pm","54.6","12.1","56.8","16.4","point"
"2025-01-07 11:00:30 pm","40.5","20.1","41.2","13.3","point"
"2025-01-08 12:00:30 am","39.2","21.0","39.6","12.9","point"
"2025-01-08 01:00:30 am","36.9","22.6","36.7","12.1","point"
"2025-01-08 02:00:30 am","27.5","29.6","25.5","8.2","point"
"2025-01-08 03:00:30 am","24.5","29.7","22.5","5.6","point"
"2025-01-08 04:00:30 am","22.7","33.4","21.2","5.8","point"
"2025-01-08 05:00:30 am","21.1","38.8","19.9","6.5","point"
"2025-01-08 06:00:30 am","20.2","43.5","18.8","7.4","point"
"2025-01-08 07:00:30 am","19.0","51.7","17.6","8.9","point"
"2025-01-08 08:00:30 am","18.5","51.8","16.7","8.4","point"
"2025-01-08 09:00:30 am","18.0","47.5","16.1","6.7","point"
"2025-01-08 10:00:30 am","18.4","42.6","16.2","5.5","point"
"2025-01-08 11:00:30 am","16.5","54.6","15.0","7.3","point"
"2025-01-08 12:00:30 pm","15.3","64.2","14.3","8.6","point"
"2025-01-08 01:00:30 pm","14.2","70.9","13.5","9.0","point"
"2025-01-08 02:00:30 pm","20.0","63.4","19.5","12.9","point"
"2025-01-08 03:00:30 pm","33.2","34.6","34.1","15.5","point"
"2025-01-08 04:00:30 pm","41.8","24.5","45.2","17.4","point"
"2025-01-08 05:00:30 pm","54.3","13.1","57.2","17.4","point"
"2025-01-08 06:00:30 pm","62.2","11.7","68.1","21.6","point"
"2025-01-08 07:00:30 pm","66.7","10.6","68.0","23.4","point"
"2025-01-08 08:00:30 pm","66.7","8.4","65.0","19.5","point"
"2025-01-08 09:00:30 pm","66.7","8.1","64.4","18.8","point"
"2025-01-08 10:00:30 pm","63.2","7.9","64.1","16.0","point"
"2025-01-08 11:00:30 pm","50.0","11.0","49.8","11.5","point"
"2025-01-09 12:00:30 am","40.9","15.8","39.7","9.9","point"
"2025-01-09 01:00:30 am","32.6","20.5","30.5","7.0","point"
"2025-01-09 02:00:30 am","30.0","24.3","28.1","7.5","point"
"2025-01-09 03:00:30 am","26.1","23.7","23.8","3.8","point"
"2025-01-09 04:00:30 am","24.3","28.7","22.4","5.0","point"
"2025-01-09 05:00:30 am","22.8","32.4","21.3","5.4","point"
"2025-01-09 06:00:30 am","20.9","31.4","19.2","3.3","point"
"2025-01-09 07:00:30 am","20.8","31.6","19.1","3.3","point"
"2025-01-09 08:00:30 am","19.7","35.4","17.7","4.0","point"
"2025-01-09 09:00:30 am","20.5","34.3","18.7","4.2","point"
"2025-01-09 10:00:30 am","20.2","35.4","18.5","4.4","point"
"2025-01-09 11:00:30 am","19.9","31.1","17.8","2.3","point"
"2025-01-09 12:00:30 pm","19.7","26.4","17.2","-0.1","point"
"2025-01-09 01:00:30 pm","19.5","26.4","16.9","-0.3","point"
"2025-01-09 02:00:30 pm","20.4","23.1","18.2","-1.4","point"
"2025-01-09 03:00:30 pm","26.0","18.2","23.3","-0.0","point"
"2025-01-09 04:00:30 pm","32.4","14.5","29.5","2.0","point"
"2025-01-09 05:00:30 pm","35.5","12.9","32.6","2.7","point"
"2025-01-09 06:00:30 pm","38.7","13.8","36.4","6.2","point"
"2025-01-09 07:00:30 pm","47.2","11.3","46.2","9.8","point"
"2025-01-09 08:00:30 pm","52.3","7.8","50.4","8.1","point"
"2025-01-09 09:00:30 pm","67.9","7.1","63.0","17.6","point"
"2025-01-09 10:00:30 pm","49.3","10.0","48.1","9.5","point"
"2025-01-09 11:00:30 pm","40.7","12.7","38.5","6.5","point"
"2025-01-10 12:00:30 am","39.4","14.4","37.4","7.3","point"
"2025-01-10 01:00:30 am","32.3","16.3","29.7","3.6","point"
"2025-01-10 02:00:30 am","27.8","19.0","25.2","2.1","point"
"2025-01-10 03:00:30 am","25.4","22.5","23.1","2.5","point"
"2025-01-10 04:00:30 am","26.1","24.6","23.9","4.3","point"
"2025-01-10 05:00:30 am","25.9","28.0","23.9","6.0","point"
"2025-01-10 06:00:30 am","25.3","33.6","23.6","8.1","point"
"2025-01-10 07:00:30 am","24.2","34.0","22.6","7.4","point"
"2025-01-10 08:00:30 am","22.7","34.4","21.4","6.2","point"
"2025-01-10 09:00:30 am","22.2","33.8","20.9","5.5","point"
"2025-01-10 10:00:30 am","21.5","32.9","20.2","4.5","point"
"2025-01-10 11:00:30 am","21.3","30.0","19.7","3.0","point"
"2025-01-10 12:00:30 pm","20.2","29.8","18.1","2.0","point"
"2025-01-10 01:00:30 pm","20.0","30.8","18.0","2.3","point"
"2025-01-10 02:00:30 pm","22.6","29.0","21.0","3.7","point"
"2025-01-10 03:00:30 pm","28.2","24.1","25.9","5.7","point"
"2025-01-10 04:00:30 pm","44.1","15.9","44.3","12.6","point"
"2025-01-10 05:00:30 pm","57.3","11.3","60.0","17.4","point"
"2025-01-10 06:00:30 pm","64.6","10.1","67.3","21.0","point"
"2025-01-10 07:00:30 pm","68.2","8.9","65.5","21.5","point"
"2025-01-10 08:00:30 pm","70.3","8.0","64.4","21.3","point"
"2025-01-10 09:00:30 pm","70.0","6.9","62.7","18.6","point"
"2025-01-10 10:00:30 pm","67.2","7.3","63.4","17.7","point"
"2025-01-10 11:00:30 pm","49.8","10.6","49.2","10.8","point"
"2025-01-11 12:00:30 am","38.9","15.5","37.2","8.1","point"
"2025-01-11 01:00:30 am","33.7","24.0","32.6","10.4","point"
"2025-01-11 02:00:30 am","31.0","28.9","29.6","10.8","point"
"2025-01-11 03:00:30 am","29.8","21.7","27.4","5.6","point"
"2025-01-11 04:00:30 am","27.9","23.0","25.6","4.9","point"
"2025-01-11 05:00:30 am","26.7","29.1","24.7","7.2","point"
"2025-01-11 06:00:30 am","26.1","30.2","24.3","7.3","point"
"2025-01-11 07:00:30 am","25.0","32.7","23.3","7.5","point"
"2025-01-11 08:00:30 am","23.6","34.3","22.2","7.0","point"
"2025-01-11 09:00:30 am","23.2","34.6","21.8","6.7","point"
"2025-01-11 10:00:30 am","22.6","33.3","21.2","5.7","point"
"2025-01-11 11:00:30 am","21.5","35.3","20.3","5.5","point"
"2025-01-11 12:00:30 pm","20.8","37.3","19.5","5.7","point"
"2025-01-11 01:00:30 pm","19.8","41.5","18.1","6.3","point"
"2025-01-11 02:00:30 pm","22.9","38.6","21.7","8.0","point"
"2025-01-11 03:00:30 pm","34.4","25.6","33.9","11.9","point"
"2025-01-11 04:00:30 pm","43.8","18.6","45.3","14.7","point"
"2025-01-11 05:00:30 pm","57.3","11.9","60.8","18.2","point"
"2025-01-11 06:00:30 pm","65.7","10.2","67.5","22.0","point"
"2025-01-11 07:00:30 pm","69.6","8.9","65.7","22.6","point"
"2025-01-11 08:00:30 pm","71.9","8.1","64.5","22.7","point"
"2025-01-11 09:00:30 pm","74.1","7.7","64.0","23.4","point"
"2025-01-11 10:00:30 pm","65.0","9.8","66.8","20.7","point"
"2025-01-11 11:00:30 pm","46.5","13.4","46.3","11.9","point"
"2025-01-12 12:00:30 am","42.1","16.8","41.9","11.8","point"
"2025-01-12 01:00:30 am","35.3","20.8","34.0","9.5","point"
"2025-01-12 02:00:30 am","30.7","29.3","29.3","10.8","point"
"2025-01-12 03:00:30 am","26.2","37.0","24.8","10.3","point"
"2025-01-12 04:00:30 am","27.3","26.5","25.3","6.4","point"
"2025-01-12 05:00:30 am","25.0","31.6","23.2","7.0","point"
"2025-01-12 06:00:30 am","21.5","37.5","20.6","6.4","point"
"2025-01-12 07:00:30 am","18.2","44.7","16.1","6.0","point"
"2025-01-12 08:00:30 am","17.6","48.5","15.7","6.6","point"
"2025-01-12 09:00:30 am","18.8","46.4","17.0","7.1","point"
"2025-01-12 10:00:30 am","17.0","45.3","15.0","5.1","point"
"2025-01-12 11:00:30 am","14.7","49.6","13.1","4.3","point"
"2025-01-12 12:00:30 pm","13.4","54.4","12.2","4.4","point"
"2025-01-12 01:00:30 pm","13.6","55.8","12.3","4.9","point"
"2025-01-12 02:00:30 pm","18.2","53.6","16.6","8.7","point"
"2025-01-12 03:00:30 pm","33.3","29.3","32.9","13.0","point"
"2025-01-12 04:00:30 pm","45.9","16.0","47.0","14.1","point"
"2025-01-12 05:00:30 pm","55.6","10.3","56.7","14.7","point"
"2025-01-12 06:00:30 pm","60.2","6.2","58.3","10.3","point"
"2025-01-12 07:00:30 pm","68.2","5.1","60.2","12.6","point"
"2025-01-12 08:00:30 pm","71.3","4.6","59.7","13.3","point"
"2025-01-12 09:00:30 pm","69.8","4.5","59.5","12.0","point"
"2025-01-12 10:00:30 pm","68.9","5.0","60.1","12.8","point"
"2025-01-12 11:00:30 pm","47.1","5.9","43.3","0.4","point"
"2025-01-13 12:00:30 am","40.0","8.3","36.7","0.0","point"
"2025-01-13 01:00:30 am","38.3","9.5","35.2","0.6","point"
"2025-01-13 02:00:30 am","30.7","10.2","27.4","-4.2","point"
"2025-01-13 03:00:30 am","27.9","12.2","24.9","-3.9","point"
"2025-01-13 04:00:30 am","26.8","17.6","24.0","0.1","point"
"2025-01-13 05:00:30 am","24.8","26.7","22.8","4.4","point"
"2025-01-13 06:00:30 am","23.2","33.3","21.7","6.2","point"
"2025-01-13 07:00:30 am","21.9","34.4","20.7","5.5","point"
"2025-01-13 08:00:30 am","20.3","36.4","18.7","4.9","point"
"2025-01-13 09:00:30 am","19.0","35.2","16.8","3.3","point"
"2025-01-13 10:00:30 am","17.8","33.0","15.1","1.3","point"
"2025-01-13 11:00:30 am","17.6","30.8","14.9","0.2","point"
"2025-01-13 12:00:30 pm","16.7","29.4","14.1","-1.2","point"
"2025-01-13 01:00:30 pm","15.5","29.6","13.1","-2.2","point"
